{"epoch": [0, 1, 2, 3, 4, 5, 6, 7, 8, 9, 10, 11, 12, 13, 14, 15, 16, 17, 18, 19, 20, 21, 22, 23, 24, 25, 26, 27, 28, 29, 30, 31, 32, 33, 34, 35, 36, 37, 38, 39, 40, 41, 42, 43, 44, 45, 46, 47, 48, 49, 50, 51, 52, 53, 54, 55, 56, 57, 58, 59, 60, 61, 62, 63, 64, 65, 66, 67, 68, 69, 70, 71, 72, 73, 74, 75, 76, 77, 78, 79, 80, 81, 82, 83, 84, 85, 86, 87, 88, 89, 90, 91, 92, 93, 94, 95, 96, 97, 98, 99, 100, 101, 102, 103, 104, 105, 106, 107, 108, 109, 110, 111, 112, 113, 114, 115, 116, 117, 118, 119, 120, 121, 122, 123, 124, 125, 126, 127, 128, 129, 130, 131, 132, 133, 134, 135, 136, 137, 138, 139, 140, 141, 142, 143, 144, 145, 146, 147, 148, 149, 150, 151, 152, 153, 154, 155, 156, 157, 158, 159, 160, 161, 162, 163, 164, 165, 166, 167, 168, 169, 170, 171, 172, 173, 174, 175, 176, 177, 178, 179, 180, 181, 182, 183, 184, 185, 186, 187, 188, 189, 190, 191, 192, 193, 194, 195, 196, 197, 198, 199], "train": [6.996404647827148, 152.6327667236328, 627.7479858398438, 208.44581604003906, 1286.5733642578125, 1279.1209716796875, 928.7236938476562, 65.29251861572266, 3.489564895629883, 6374.60400390625, 2903.036865234375, 59633.59375, 47594.79296875, 58.57780838012695, 42961.32421875, 4537.62060546875, 193.66976928710938, 79340.40625, 891613.6875, 22238.29296875, 361440.65625, 506642.1875, 1047057.0625, 17401.115234375, 7889274.0, 3837661.0, 11947772.0, 17728146.0, 7814323.5, 1227128.5, 8146212.0, 640792.25, 12068954.0, 33133802.0, 17730880.0, 53723424.0, 394028160.0, 355689664.0, 2319777280.0, 117677176.0, 18637787136.0, 99006668800.0, 23730270208.0, 42776522752.0, 272392912896.0, 28942845952.0, 184861589504.0, 374675210240.0, 299767398400.0, 3436712034304.0, 2628528635904.0, 2299572518912.0, 115369406627840.0, 376635983396864.0, 35815858110464.0, 19168709574656.0, 69941122301952.0, 7993442697216.0, 67706707509248.0, 249376840613888.0, 173095721631744.0, 6048508280832.0, 368786326683648.0, 1178126306508800.0, 36221921263616.0, 3878797313048576.0, 2.1987831668801536e+16, 4.770039641564774e+16, 2.9435156783693824e+16, 3134907098333184.0, 4124344619892736.0, 2788362561781760.0, 1.3175036592521216e+16, 3.663011821020774e+16, 3.029232702927667e+16, 2.557484662049997e+16, 1.9578934836330496e+17, 4.194520724049756e+17, 2.2092189925166285e+17, 2.5789052101433754e+17, 9.111656295353549e+16, 4.413919851236557e+16, 8.096306097930895e+17, 2.39622478916223e+18, 2.6996363972365517e+18, 1.9292955985114563e+18, 3.319690861435945e+18, 5.353339596711133e+19, 7.755300593011052e+19, 2.1126328677390352e+19, 1.2719208564326715e+20, 4.104656698629182e+20, 6.377770923450868e+21, 1.991866004352268e+22, 6.475481583916251e+21, 1.2435333133830298e+20, 5.3726307481227887e+20, 4.118563814278502e+21, 3.331519880317559e+20, 3.134062861986476e+21, 6.279668247507763e+18, 1.212988940176845e+22, 4.624859948057372e+22, 8.696007838839085e+21, 3.6910061394047827e+22, 1.0493081607574535e+24, 6.33660646911483e+23, 1.0679357693921982e+24, 3.679100063141896e+23, 6.606186898777645e+23, 2.799164862437661e+24, 3.0361467247880936e+24, 7.609616277641526e+23, 3.7477316068136964e+24, 1.3125381834807437e+25, 1.5487217629813868e+25, 3.928030948081262e+24, 1.2758673244758642e+25, 8.92497750471845e+24, 1.5022408678320333e+24, 1.1717488972445175e+26, 1.3369086382451233e+25, 3.9195318989796765e+25, 6.28269493722221e+25, 7.397846087702094e+26, 2.441704607482138e+27, 1.346522946595109e+28, 7.924358812438063e+27, 3.764784929956938e+26, 9.531038824899752e+25, 1.5289938888424093e+28, 7.408080665976884e+28, 9.510937521514574e+29, 2.7515761784178547e+29, 7.52331538065522e+29, 3.407618852792324e+30, 8.319458768212896e+29, 7.822257197287979e+30, 1.7149328435318727e+31, 1.6704634743980042e+31, 1.8197915027940777e+30, 6.352261429075932e+29, 9.405842305692616e+31, 6.516649348638399e+30, 5.638732254137534e+30, 3.594662973087251e+32, 7.038453164455383e+30, 4.753553867593736e+31, 1.1754347058486812e+31, 8.345288048633355e+32, 8.932018241090432e+32, 6.300403758152521e+32, 2.4522463176927555e+34, 2.205630835530542e+34, 2.4586798920769216e+34, 3.664166590468412e+34, 2.745854003746242e+35, 1.3701319115277803e+36, 4.6951049614536626e+36, 6.688598351215974e+35, 3.2573109314881003e+36, 1.1676684620870285e+36, 1.3594149398233308e+37, 2.5216349762480483e+36, 1.0705234527541984e+37, 1.7976931348623157e+308, 1.7976931348623157e+308, 1.7976931348623157e+308, 1.7976931348623157e+308, 1.7976931348623157e+308, 1.7976931348623157e+308, 1.7976931348623157e+308, 1.7976931348623157e+308, 1.7976931348623157e+308, 1.7976931348623157e+308, 1.7976931348623157e+308, 1.7976931348623157e+308, 1.7976931348623157e+308, 1.7976931348623157e+308, 1.7976931348623157e+308, 1.7976931348623157e+308, 1.7976931348623157e+308, 1.7976931348623157e+308, 1.7976931348623157e+308, 1.7976931348623157e+308, 1.7976931348623157e+308, 1.7976931348623157e+308, 1.7976931348623157e+308, 1.7976931348623157e+308, 1.7976931348623157e+308, 1.7976931348623157e+308, 1.7976931348623157e+308, 1.7976931348623157e+308, 1.7976931348623157e+308, 1.7976931348623157e+308, 1.7976931348623157e+308, 1.7976931348623157e+308, 1.7976931348623157e+308, 1.7976931348623157e+308, 1.7976931348623157e+308]}