{"epoch": [0, 1, 2, 3, 4, 5, 6, 7, 8, 9, 10, 11, 12, 13, 14, 15, 16, 17, 18, 19, 20, 21, 22, 23, 24, 25, 26, 27, 28, 29, 30, 31, 32, 33, 34, 35, 36, 37, 38, 39, 40, 41, 42, 43, 44, 45, 46, 47, 48, 49, 50, 51, 52, 53, 54, 55, 56, 57, 58, 59, 60, 61, 62, 63, 64, 65, 66, 67, 68, 69, 70, 71, 72, 73, 74, 75, 76, 77, 78, 79, 80, 81, 82, 83, 84, 85, 86, 87, 88, 89, 90, 91, 92, 93, 94, 95, 96, 97, 98, 99, 100, 101, 102, 103, 104, 105, 106, 107, 108, 109, 110, 111, 112, 113, 114, 115, 116, 117, 118, 119, 120, 121, 122, 123, 124, 125, 126, 127, 128, 129, 130, 131, 132, 133, 134, 135, 136, 137, 138, 139, 140, 141, 142, 143, 144, 145, 146, 147, 148, 149, 150, 151, 152, 153, 154, 155, 156, 157, 158, 159, 160, 161, 162, 163, 164, 165, 166, 167, 168, 169, 170, 171, 172, 173, 174, 175, 176, 177, 178, 179, 180, 181, 182, 183, 184, 185, 186, 187, 188, 189, 190, 191, 192, 193, 194, 195, 196, 197, 198, 199], "effective_learning_rate": [0.2441292703151703, 0.1000550240278244, 0.5783783793449402, -0.07667265087366104, 0.1105872392654419, 0.44089633226394653, 0.4111112058162689, 0.2890627980232239, 0.3414767384529114, 0.29172179102897644, 0.2924787104129791, 0.3190467655658722, 0.1677847057580948, 0.2926899790763855, 0.5296486020088196, 0.2258659303188324, 0.54549640417099, -0.08217474073171616, 0.38606974482536316, 0.29467982053756714, 0.2400607466697693, 0.21413446962833405, 0.1933826357126236, -0.2366981953382492, -0.07159752398729324, 0.023200882598757744, -0.07879163324832916, -0.08258870244026184, -0.12853777408599854, 0.25024014711380005, -0.7078638076782227, -0.7126453518867493, -0.537536084651947, 0.11152607947587967, -0.5826493501663208, -0.011269457638263702, 0.13673046231269836, -0.1732359677553177, -0.1080460175871849, 0.6359650492668152, 0.3145242929458618, -0.2843276858329773, -0.30295413732528687, 0.591520369052887, 0.6494749188423157, 0.341047078371048, 0.1675763577222824, -0.6333890557289124, 0.04006568714976311, 0.4449422359466553, 0.3224691152572632, -0.716033935546875, -0.22868968546390533, -0.37221843004226685, 0.011021294631063938, 0.0007882475038059056, 0.0006286922725848854, -0.00664503825828433, -0.0009003579616546631, -0.001936174463480711, -0.0013470023404806852, -0.0026430224534124136, 0.0009874867973849177, -3.0566796340281144e-05, -0.004396917764097452, -0.008125469088554382, -0.00403331546112895, -0.002476766239851713, -0.0031866692006587982, -0.004835876636207104, -0.004781920928508043, -0.004201903007924557, -0.0044872150756418705, -0.003308029379695654, -0.0060835788026452065, -0.006003160495311022, -0.004778018221259117, -0.003965029492974281, -0.003816157579421997, -0.0036784729454666376, -0.0035788139794021845, -0.003104656469076872, -0.002694348804652691, -0.0026927273720502853, -0.002772032981738448, -0.003422086825594306, -0.0030096913687884808, -0.0008436728385277092, -0.0033282109070569277, 0.0005858849617652595, 0.00043414143146947026, 4.7766796342330053e-05, -0.004722956568002701, -0.002458978211507201, -0.0021387978922575712, -0.005404945462942123, -0.0037644344847649336, -0.004157138057053089, -0.0011768382973968983, -0.0010486128740012646, -0.0059698279947042465, -0.005771838128566742, -0.0023190791253000498, -0.00379275344312191, -0.0028258375823497772, -0.005880115553736687, -0.003962127026170492, -0.004191999323666096, -0.0030870898626744747, -0.003106570802628994, -0.00395575538277626, -0.004597541410475969, -0.005000048782676458, 0.001363779534585774, -0.002936527831479907, -0.00013680286065209657, -0.00015012494986876845, -0.007985939271748066, -0.007991572842001915, -0.0039136880077421665, -0.0018424055306240916, -0.0019269926706328988, -0.0019404313061386347, -0.0022277345415204763, -0.002656431868672371, -0.002746641170233488, -0.002079553436487913, -0.007871887646615505, -0.008350545540452003, -0.00784326996654272, -0.0019121899968013167, -0.011647453531622887, -0.0012778674717992544, 0.004217826295644045, -0.031642645597457886, -0.016759347170591354, 0.009467183612287045, 0.010645617730915546, -0.008818274363875389, 0.03946070000529289, -0.04341018199920654, -0.028977323323488235, -0.010557712987065315, -0.02516356110572815, -0.024976350367069244, 0.025997744873166084, 0.03219941630959511, -0.022925376892089844, 0.03488849848508835, -0.0032641831785440445, 0.018771763890981674, -0.0005797581980004907, 0.022705083712935448, 0.02269039675593376, 0.005512356758117676, 0.002642624080181122, -0.0024771345779299736, 0.0007927452679723501, 0.0008159038261510432, -0.002173463813960552, -0.0008413581526838243, -0.0022812504321336746, -0.002171868458390236, -0.0022206874564290047, -0.0029372526332736015, -0.003177979029715061, -0.0033391243778169155, -0.003227535868063569, -0.0020380541682243347, -0.004818915389478207, -0.005058436654508114, -0.004102042410522699, 0.0009469949291087687, -0.00040696741780266166, -0.006928383372724056, 0.004657802637666464, -6.907554779900238e-05, -0.0009997913148254156, -0.0034805922769010067, -0.0007172004552558064, -0.003287873463705182, -0.002287129871547222, -0.0022993029560893774, -0.003330727806314826, -0.0032933761831372976, -0.003268362721428275, -0.003307399107143283, -0.0037288011517375708, -0.0032072660978883505, 0.0005176299018785357, -0.0016760448925197124, -0.0012236263137310743, -0.010496937669813633, -0.004951735958456993, -0.006666942033916712, -0.0031079223845154047, 0.003403702052310109, 0.0025772384833544493, -0.0008271413971669972, -0.0017741218907758594]}