{"epoch": [0, 1, 2, 3, 4, 5, 6, 7, 8, 9, 10, 11, 12, 13, 14, 15, 16, 17, 18, 19, 20, 21, 22, 23, 24, 25, 26, 27, 28, 29, 30, 31, 32, 33, 34, 35, 36, 37, 38, 39, 40, 41, 42, 43, 44, 45, 46, 47, 48, 49, 50, 51, 52, 53, 54, 55, 56, 57, 58, 59, 60, 61, 62, 63, 64, 65, 66, 67, 68, 69, 70, 71, 72, 73, 74, 75, 76, 77, 78, 79, 80, 81, 82, 83, 84, 85, 86, 87, 88, 89, 90, 91, 92, 93, 94, 95, 96, 97, 98, 99, 100, 101, 102, 103, 104, 105, 106, 107, 108, 109, 110, 111, 112, 113, 114, 115, 116, 117, 118, 119, 120, 121, 122, 123, 124, 125, 126, 127, 128, 129, 130, 131, 132, 133, 134, 135, 136, 137, 138, 139, 140, 141, 142, 143, 144, 145, 146, 147, 148, 149, 150, 151, 152, 153, 154, 155, 156, 157, 158, 159, 160, 161, 162, 163, 164, 165, 166, 167, 168, 169, 170, 171, 172, 173, 174, 175, 176, 177, 178, 179, 180, 181, 182, 183, 184, 185, 186, 187, 188, 189, 190, 191, 192, 193, 194, 195, 196, 197, 198, 199], "train": [20.277050018310547, 20.517536163330078, 11.553464889526367, 31.77989959716797, 29.818410873413086, 51.03829574584961, 0.0850973054766655, 22.76819610595703, 7.623253345489502, 6.2685866355896, 4.722133636474609, 0.35983598232269287, 1.7985830307006836, 34.406070709228516, 25.637008666992188, 35.796356201171875, 16.46562385559082, 48.030269622802734, 46.816436767578125, 27.34511947631836, 47.3873405456543, 5.952460289001465, 1.479723334312439, 77.41976165771484, 82.17562103271484, 42.47957229614258, 9.826912879943848, 0.3245852589607239, 10.599042892456055, 81.93553161621094, 249.97061157226562, 27.35750389099121, 62.77434158325195, 338.87408447265625, 1065.1407470703125, 640.3825073242188, 328.0790100097656, 676.8203125, 1052.3306884765625, 779.4734497070312, 1131.0791015625, 9772.9736328125, 520.2308959960938, 6561.7451171875, 3852.083984375, 4288.82373046875, 515.4347534179688, 12618.771484375, 19897.505859375, 25258.51953125, 8374.109375, 130951.53125, 134729.125, 346324.125, 206167.296875, 150194.21875, 0.6033097505569458, 59.518768310546875, 77.84391784667969, 22.12113380432129, 0.9016894102096558, 13.830681800842285, 5.15781307220459, 4.387641429901123, 44.39870834350586, 8.823935508728027, 52.45185470581055, 44.70380401611328, 2.188767433166504, 2.8287057876586914, 0.04323507100343704, 0.7036269307136536, 1.4195780754089355, 2.270061731338501, 11.165604591369629, 0.07827339321374893, 12.024794578552246, 7.027419567108154, 0.9153604507446289, 0.1205366924405098, 1.478359580039978, 0.48855850100517273, 0.6240050196647644, 5.5138742027338594e-05, 0.41151222586631775, 1.3075357675552368, 2.7217986583709717, 3.7779524326324463, 16.140865325927734, 15.592061996459961, 2.4443440437316895, 10.03957748413086, 36.0285530090332, 23.803531646728516, 1.1191288232803345, 5.988182544708252, 26.678974151611328, 8.076301574707031, 11.872492790222168, 5.639134883880615, 21.88541030883789, 43.224300384521484, 27.163644790649414, 5.612271308898926, 1.5367316007614136, 4.789584159851074, 10.8101167678833, 3.532811164855957, 2.309866428375244, 0.02868800237774849, 1.3535243272781372, 0.4169038236141205, 1.0309116840362549, 18.36625862121582, 79.40403747558594, 51.229549407958984, 4.528402328491211, 45.66615295410156, 63.19063949584961, 32.50581741333008, 22.479990005493164, 0.4426770806312561, 0.001879965071566403, 0.30402690172195435, 1.727134346961975, 0.8584266901016235, 0.6747695207595825, 10.904990196228027, 6.9069342613220215, 5.0509772300720215, 57.08148956298828, 66.9085693359375, 175.03433227539062, 82.59207916259766, 415.4154968261719, 350.3272705078125, 2937.1513671875, 7.7972893714904785, 759.2843627929688, 1021.4149780273438, 7626.05615234375, 7462.01513671875, 573.9378051757812, 936.38525390625, 58.092742919921875, 2127.256591796875, 85.79643249511719, 6453.1005859375, 5302.16455078125, 4528.1630859375, 1498.525146484375, 779.2796630859375, 547.2293701171875, 39.896392822265625, 737.9727172851562, 933.366455078125, 40.591068267822266, 47.198360443115234, 0.7359215021133423, 22.228879928588867, 16.169214248657227, 6.9705610275268555, 0.020589470863342285, 0.961208164691925, 1.293902039527893, 0.23641301691532135, 0.07975374162197113, 0.4626840054988861, 1.8779613971710205, 5.176727771759033, 2.3342480659484863, 6.526362419128418, 6.202454566955566, 18.715181350708008, 27.76874351501465, 167.16940307617188, 146.17288208007812, 33.02402114868164, 9.879043579101562, 14.842140197753906, 10.627691268920898, 7.214641571044922, 0.003393633058294654, 0.8452923893928528, 1.5847620964050293, 0.0065415045246481895, 0.03263842687010765, 3.6607444286346436, 0.09653297066688538, 7.821058750152588, 15.760018348693848, 0.44066303968429565, 54.449398040771484, 142.20932006835938, 30.85711669921875, 34.46613693237305, 21.876113891601562, 8.75101089477539, 48.5654182434082, 19.68073081970215]}