{"loss": [[40000.0, 31604.94140625, 24197.53125, 17777.77734375, 12345.677734375, 7901.23388671875, 4444.4443359375, 1975.3094482421875, 493.8273010253906, 1.8417267710901797e-11], [31604.94140625, 24197.53125, 17777.77734375, 12345.677734375, 7901.23388671875, 4444.4443359375, 1975.308837890625, 493.82763671875, 1.1141310096718371e-11, 493.8273010253906], [24197.53125, 17777.77734375, 12345.677734375, 7901.23388671875, 4444.4443359375, 1975.308837890625, 493.8273010253906, 1.2028067430946976e-10, 493.82696533203125, 1975.308837890625], [17777.77734375, 12345.677734375, 7901.23388671875, 4444.4443359375, 1975.308837890625, 493.8273010253906, 1.1141310096718371e-11, 493.82659912109375, 1975.30810546875, 4444.4453125], [12345.677734375, 7901.23388671875, 4444.4443359375, 1975.308837890625, 493.8273010253906, 1.1141310096718371e-11, 493.82696533203125, 1975.3074951171875, 4444.4443359375, 7901.2353515625], [7901.23388671875, 4444.4443359375, 1975.308837890625, 493.8273010253906, 1.1141310096718371e-11, 493.82696533203125, 1975.30810546875, 4444.44287109375, 7901.23388671875, 12345.6796875], [4444.4443359375, 1975.308837890625, 493.8273010253906, 1.1141310096718371e-11, 493.82696533203125, 1975.30810546875, 4444.4443359375, 7901.232421875, 12345.677734375, 17777.77734375], [1975.3094482421875, 493.82763671875, 1.2028067430946976e-10, 493.82659912109375, 1975.3074951171875, 4444.44287109375, 7901.232421875, 12345.6748046875, 17777.771484375, 24197.52734375], [493.8273010253906, 1.1141310096718371e-11, 493.82696533203125, 1975.30810546875, 4444.4443359375, 7901.23388671875, 12345.677734375, 17777.771484375, 24197.52734375, 31604.935546875], [1.8417267710901797e-11, 493.8273010253906, 1975.308837890625, 4444.4453125, 7901.2353515625, 12345.6796875, 17777.77734375, 24197.52734375, 31604.935546875, 40000.0]], "x": [-96.04863739013672, -73.826416015625, -51.60419464111328, -29.381973266601562, -7.159751892089844, 15.062469482421875, 37.284690856933594, 59.50690460205078, 81.72913360595703, 103.95136260986328], "y": [-98.27288055419922, -76.0506591796875, -53.82843780517578, -31.606216430664062, -9.383995056152344, 12.838226318359375, 35.060447692871094, 57.28266143798828, 79.50489044189453, 101.72711944580078], "w": [[1.9257152080535889, -0.4460547864437103], [3.994924545288086, -0.6729273200035095], [4.141861438751221, -0.37003910541534424], [3.2620043754577637, 0.4761471152305603], [3.600675106048584, 0.3493728041648865], [3.537518262863159, 0.4415793716907501], [3.593641519546509, 1.2637879848480225], [3.566300868988037, 1.5897923707962036], [3.5663771629333496, 1.6859021186828613], [3.560220956802368, 1.6630749702453613], [4.414380073547363, 2.2626802921295166], [4.1918230056762695, 2.2429680824279785], [4.10904598236084, 2.1755104064941406], [4.050095558166504, 2.2001070976257324], [3.778870105743408, 2.090888500213623], [3.667318344116211, 1.9526644945144653], [3.627741813659668, 1.8979610204696655], [4.067663192749023, 1.955331563949585], [4.222510814666748, 1.6403169631958008], [4.225066184997559, 1.6667559146881104], [4.207265377044678, 1.515878677368164], [4.064397811889648, 1.6576406955718994], [4.136451244354248, 1.5914174318313599], [3.99625563621521, 1.5826884508132935], [4.092769145965576, 1.7297981977462769], [4.015953540802002, 1.6906182765960693], [4.011922836303711, 1.7066301107406616], [3.879333734512329, 1.7041287422180176], [3.893125295639038, 1.8005653619766235], [3.9624717235565186, 1.75408136844635], [3.9948294162750244, 1.7159351110458374], [3.988507032394409, 1.7536962032318115], [4.012735366821289, 1.76654052734375], [3.948390245437622, 1.8425064086914062], [3.9500691890716553, 1.8414100408554077], [3.969853639602661, 1.790756344795227], [3.9751336574554443, 1.6954821348190308], [3.9257891178131104, 1.9290943145751953], [3.999803066253662, 1.9171338081359863], [3.767789125442505, 1.8295199871063232], [4.156024932861328, 1.626306176185608], [3.929497241973877, 1.9099414348602295], [4.233760833740234, 1.471092700958252], [4.249343395233154, 1.4423381090164185], [4.045098304748535, 1.2770543098449707], [4.097351551055908, 1.3779547214508057], [3.874971389770508, 1.4878920316696167], [3.8724803924560547, 1.4659092426300049], [3.923232078552246, 1.4375567436218262], [3.9229543209075928, 1.4394768476486206], [3.9177582263946533, 1.440086841583252], [3.9178085327148438, 1.4401025772094727], [4.219728946685791, 1.5084813833236694], [4.179365634918213, 1.4572083950042725], [3.7480931282043457, 1.56168794631958], [4.105490207672119, 1.9732600450515747], [4.108747959136963, 1.9730538129806519], [4.179785251617432, 1.7635270357131958], [4.193601608276367, 1.7638740539550781], [4.110876560211182, 1.9259216785430908], [4.1433210372924805, 1.8718112707138062], [4.0669050216674805, 1.7128430604934692], [4.1236443519592285, 1.7283960580825806], [3.947352647781372, 1.6419379711151123], [3.9500248432159424, 1.5500410795211792], [3.829636335372925, 1.5702686309814453], [3.8181815147399902, 1.5579715967178345], [3.8292887210845947, 1.5409575700759888], [3.829798460006714, 1.5646191835403442], [3.8683226108551025, 1.540808081626892], [3.7480947971343994, 1.5400850772857666], [4.116023540496826, 1.7333036661148071], [3.58302640914917, 1.4906444549560547], [3.6213643550872803, 1.4658737182617188], [3.902008056640625, 1.343973159790039], [4.01081657409668, 1.441837191581726], [4.178001403808594, 1.5606677532196045], [4.137173175811768, 1.5312315225601196], [4.231473922729492, 1.751990556716919], [3.2038912773132324, 1.2978054285049438], [3.348459243774414, 1.7872047424316406], [3.5309784412384033, 1.527438998222351], [4.195651054382324, 1.8509410619735718], [3.8786540031433105, 1.8631080389022827], [3.7607250213623047, 1.8323734998703003], [3.861832857131958, 2.0069684982299805], [4.008767604827881, 1.65474271774292], [3.7267913818359375, 1.419350504875183], [3.7496464252471924, 1.3983074426651], [3.845979928970337, 1.487209677696228], [3.8811988830566406, 1.559858798980713], [4.005224227905273, 1.7425012588500977], [4.046192646026611, 1.7468628883361816], [3.887263536453247, 1.6376651525497437], [3.852121114730835, 1.8792694807052612], [3.8743464946746826, 1.8538223505020142], [3.898134231567383, 1.857888102531433], [3.879582166671753, 1.8676942586898804], [3.834977626800537, 1.851119041442871], [4.2953033447265625, 1.480168104171753], [4.103198528289795, 1.4596210718154907], [4.077477931976318, 1.5130748748779297], [4.00742769241333, 1.4732803106307983], [3.9755361080169678, 1.4723501205444336], [3.9641168117523193, 1.4743093252182007], [3.8928439617156982, 1.5078405141830444], [4.14422607421875, 1.7787730693817139], [4.12338399887085, 1.800978660583496], [4.136706352233887, 1.814772605895996], [4.127512454986572, 1.8226053714752197], [4.120266914367676, 1.8200997114181519], [3.982297897338867, 1.863860845565796], [4.020274639129639, 1.5787684917449951], [4.181353569030762, 1.6471858024597168], [4.173682689666748, 1.6495987176895142], [4.05557107925415, 1.816754937171936], [3.9138519763946533, 1.825205683708191], [3.846406936645508, 1.8072673082351685], [3.8458826541900635, 1.8263684511184692], [3.8948421478271484, 1.900996446609497], [3.9463870525360107, 1.8914109468460083], [3.932917833328247, 1.8636642694473267], [3.8707621097564697, 1.7440097332000732], [3.887502908706665, 1.7568938732147217], [3.8869287967681885, 1.7560641765594482], [3.9223673343658447, 1.743536353111267], [3.8976352214813232, 1.7417430877685547], [3.903174877166748, 1.735252857208252], [4.1573638916015625, 1.8291444778442383], [4.046075344085693, 1.8961255550384521], [3.84767484664917, 1.8558419942855835], [3.849648952484131, 1.824941873550415], [4.030949592590332, 1.6927158832550049], [3.9830081462860107, 1.6425447463989258], [3.9382057189941406, 1.5645495653152466], [3.9297146797180176, 1.568463921546936], [3.967557668685913, 1.5901377201080322], [4.2284955978393555, 1.5526952743530273], [4.193588733673096, 1.5416442155838013], [4.175920486450195, 1.519081711769104], 