{"epoch": [0, 1, 2, 3, 4, 5, 6, 7, 8, 9, 10, 11, 12, 13, 14, 15, 16, 17, 18, 19, 20, 21, 22, 23, 24, 25, 26, 27, 28, 29, 30, 31, 32, 33, 34, 35, 36, 37, 38, 39, 40, 41, 42, 43, 44, 45, 46, 47, 48, 49, 50, 51, 52, 53, 54, 55, 56, 57, 58, 59, 60, 61, 62, 63, 64, 65, 66, 67, 68, 69, 70, 71, 72, 73, 74, 75, 76, 77, 78, 79, 80, 81, 82, 83, 84, 85, 86, 87, 88, 89, 90, 91, 92, 93, 94, 95, 96, 97, 98, 99, 100, 101, 102, 103, 104, 105, 106, 107, 108, 109, 110, 111, 112, 113, 114, 115, 116, 117, 118, 119, 120, 121, 122, 123, 124, 125, 126, 127, 128, 129, 130, 131, 132, 133, 134, 135, 136, 137, 138, 139, 140, 141, 142, 143, 144, 145, 146, 147, 148, 149, 150, 151, 152, 153, 154, 155, 156, 157, 158, 159, 160, 161, 162, 163, 164, 165, 166, 167, 168, 169, 170, 171, 172, 173, 174, 175, 176, 177, 178, 179, 180, 181, 182, 183, 184, 185, 186, 187, 188, 189, 190, 191, 192, 193, 194, 195, 196, 197, 198, 199], "effective_learning_rate": [0.3253461718559265, 0.10022734850645065, 0.2957630157470703, 0.282100647687912, 0.008599642664194107, -0.004563100170344114, 0.00452767126262188, 0.11430951952934265, 0.0859919860959053, 0.0893470048904419, 0.09431509673595428, 0.11984631419181824, 0.1134134978055954, 0.13543911278247833, 0.13073702156543732, 0.1422756165266037, 0.13455595076084137, 0.11833499372005463, 0.10451514273881912, 0.1119447872042656, 0.10661802440881729, 0.10617359727621078, 0.08840062469244003, 0.10029111057519913, 0.09886542707681656, 0.09909484535455704, 0.09770452231168747, 0.10509336739778519, 0.1134537011384964, 0.11641336977481842, 0.11693345010280609, 0.11534903198480606, 0.11372891813516617, 0.11313071101903915, 0.13219761848449707, 0.13150794804096222, 0.13056905567646027, 0.12507930397987366, 0.12283724546432495, 0.12271703779697418, 0.12241186201572418, 0.12211188673973083, 0.1204601526260376, 0.11961831897497177, 0.11963619291782379, 0.11960366368293762, 0.10771002620458603, 0.12510505318641663, 0.1134871169924736, 0.11617351323366165, 0.11762861162424088, 0.11757082492113113, 0.11922311037778854, 0.11892730742692947, 0.11780587583780289, 0.11586840450763702, 0.11619915068149567, 0.11611433327198029, 0.11696107685565948, 0.11461922526359558, 0.11517620086669922, 0.11510024219751358, 0.11104874312877655, 0.11089397221803665, 0.11413614451885223, 0.1144026443362236, 0.11531293392181396, 0.1072675958275795, 0.10785558074712753, 0.1082778200507164, 0.1097986102104187, 0.10998698323965073, 0.10954553633928299, 0.11247669160366058, 0.11628962308168411, 0.11350952088832855, 0.11530750244855881, 0.1141667440533638, 0.11354347318410873, 0.11351168900728226, 0.11275933682918549, 0.11223289370536804, 0.11408282816410065, 0.11389444768428802, 0.11387789249420166, 0.11378425359725952, 0.11391371488571167, 0.11591478437185287, 0.11651630699634552, 0.11676986515522003, 0.11385300010442734, 0.11412107199430466, 0.11258302628993988, 0.11261133849620819, 0.1125842034816742, 0.11351843178272247, 0.11352117359638214, 0.11524658650159836, 0.11575422435998917, 0.11507592350244522, 0.11547397822141647, 0.11571385711431503, 0.10855073481798172, 0.10788587480783463, 0.10788516700267792, 0.10846477746963501, 0.10840749740600586, 0.11369993537664413, 0.11358796805143356, 0.10852250456809998, 0.11163320392370224, 0.10857168585062027, 0.10905830562114716, 0.10917668044567108, 0.1141718178987503, 0.11410894244909286, 0.11472447216510773, 0.11286145448684692, 0.11071658879518509, 0.110564686357975, 0.11137405037879944, 0.11154171079397202, 0.12206929922103882, 0.12013372778892517, 0.11303174495697021, 0.1139327883720398, 0.11314591020345688, 0.11377234756946564, 0.11362163722515106, 0.11604795604944229, 0.11566644161939621, 0.11563578248023987, 0.11913272738456726, 0.10929050296545029, 0.11237234622240067, 0.11465653777122498, 0.11447235196828842, 0.1122947409749031, 0.1144593134522438, 0.11660762876272202, 0.11456315219402313, 0.11465892195701599, 0.11389625817537308, 0.11247522383928299, 0.11233515292406082, 0.11132920533418655, 0.11122699081897736, 0.112340547144413, 0.11365751922130585, 0.11161630600690842, 0.11129137873649597, 0.11125689744949341, 0.120415598154068, 0.11769460886716843, 0.11939673870801926, 0.11956889182329178, 0.1193746030330658, 0.11768088489770889, 0.11764520406723022, 0.11781521141529083, 0.11789003759622574, 0.11422877013683319, 0.11414027214050293, 0.11596713215112686, 0.10913249850273132, 0.10985627770423889, 0.11340849846601486, 0.11300157755613327, 0.1129278913140297, 0.11293570697307587, 0.11280785501003265, 0.11492038518190384, 0.11599519103765488, 0.11599467694759369, 0.11543437093496323, 0.11595933139324188, 0.11172924935817719, 0.11490821093320847, 0.11650864034891129, 0.10811086744070053, 0.11137686669826508, 0.1139877662062645, 0.11391379684209824, 0.1140478327870369, 0.11894075572490692, 0.11785243451595306, 0.11669697612524033, 0.1105256974697113, 0.11039827018976212, 0.11354397982358932, 0.11335150897502899, 0.11265342682600021, 0.115323506295681, 0.1130293607711792, 0.11345638334751129, 0.11329220235347748, 0.11259248852729797, 0.1138782948255539, 0.11601912975311279, 0.1135166808962822]}