{"loss": [[40000.0, 31604.94140625, 24197.53125, 17777.77734375, 12345.677734375, 7901.23388671875, 4444.4443359375, 1975.3094482421875, 493.8273010253906, 1.8417267710901797e-11], [31604.94140625, 24197.53125, 17777.77734375, 12345.677734375, 7901.23388671875, 4444.4443359375, 1975.308837890625, 493.82763671875, 1.1141310096718371e-11, 493.8273010253906], [24197.53125, 17777.77734375, 12345.677734375, 7901.23388671875, 4444.4443359375, 1975.308837890625, 493.8273010253906, 1.2028067430946976e-10, 493.82696533203125, 1975.308837890625], [17777.77734375, 12345.677734375, 7901.23388671875, 4444.4443359375, 1975.308837890625, 493.8273010253906, 1.1141310096718371e-11, 493.82659912109375, 1975.30810546875, 4444.4453125], [12345.677734375, 7901.23388671875, 4444.4443359375, 1975.308837890625, 493.8273010253906, 1.1141310096718371e-11, 493.82696533203125, 1975.3074951171875, 4444.4443359375, 7901.2353515625], [7901.23388671875, 4444.4443359375, 1975.308837890625, 493.8273010253906, 1.1141310096718371e-11, 493.82696533203125, 1975.30810546875, 4444.44287109375, 7901.23388671875, 12345.6796875], [4444.4443359375, 1975.308837890625, 493.8273010253906, 1.1141310096718371e-11, 493.82696533203125, 1975.30810546875, 4444.4443359375, 7901.232421875, 12345.677734375, 17777.77734375], [1975.3094482421875, 493.82763671875, 1.2028067430946976e-10, 493.82659912109375, 1975.3074951171875, 4444.44287109375, 7901.232421875, 12345.6748046875, 17777.771484375, 24197.52734375], [493.8273010253906, 1.1141310096718371e-11, 493.82696533203125, 1975.30810546875, 4444.4443359375, 7901.23388671875, 12345.677734375, 17777.771484375, 24197.52734375, 31604.935546875], [1.8417267710901797e-11, 493.8273010253906, 1975.308837890625, 4444.4453125, 7901.2353515625, 12345.6796875, 17777.77734375, 24197.52734375, 31604.935546875, 40000.0]], "x": [-96.04863739013672, -73.826416015625, -51.60419464111328, -29.381973266601562, -7.159751892089844, 15.062469482421875, 37.284690856933594, 59.50690460205078, 81.72913360595703, 103.95136260986328], "y": [-98.27288055419922, -76.0506591796875, -53.82843780517578, -31.606216430664062, -9.383995056152344, 12.838226318359375, 35.060447692871094, 57.28266143798828, 79.50489044189453, 101.72711944580078], "w": [[-0.4845440685749054, 1.1785128116607666], [1.9542313814163208, 1.2279093265533447], [7.766016483306885, 0.4416610598564148], [7.422919273376465, 0.14618360996246338], [0.22180421650409698, 0.23185695707798004], [-0.11806772649288177, -0.12266799807548523], [0.11712221801280975, 0.12174330651760101], [2.9249584674835205, 3.104433059692383], [2.263085126876831, 2.2762904167175293], [2.4016873836517334, 2.3150858879089355], [2.5561342239379883, 2.422130823135376], [3.3215370178222656, 3.000286817550659], [3.150777816772461, 2.8309125900268555], [4.129190921783447, 2.972769260406494], [3.9234509468078613, 2.956216812133789], [4.333859443664551, 3.1320104598999023], [4.08552360534668, 2.9803194999694824], [3.5821003913879395, 2.6359872817993164], [3.3166885375976562, 2.120325803756714], [3.5425636768341064, 2.2865355014801025], [3.3748183250427246, 2.176457405090332], [3.3619890213012695, 2.1654648780822754], [2.8689985275268555, 1.6946220397949219], [3.2848715782165527, 1.8718159198760986], [3.243579387664795, 1.835723876953125], [3.2493419647216797, 1.843100905418396], [3.2085182666778564, 1.8088403940200806], [3.4705886840820312, 1.9111711978912354], [3.8227462768554688, 1.925073504447937], [3.9361681938171387, 1.9480928182601929], [3.956644058227539, 1.9509549140930176], [3.9005208015441895, 1.929613709449768], [3.862417459487915, 1.8687926530838013], [3.859090805053711, 1.8238493204116821], [4.56361198425293, 2.016735315322876], [4.532763957977295, 2.0221445560455322], [4.495813369750977, 2.0179946422576904], [4.304573059082031, 1.9380824565887451], [4.237345218658447, 1.8812836408615112], [4.2343525886535645, 1.876842737197876], [4.219074249267578, 1.8828883171081543], [4.211495399475098, 1.8720884323120117], [4.1673808097839355, 1.8178554773330688], [4.1385817527771, 1.804407000541687], [4.1377973556518555, 1.8078957796096802], [4.143479824066162, 1.7918235063552856], [3.7279882431030273, 1.621630072593689], [4.359156131744385, 1.8166172504425049], [3.9798920154571533, 1.5866031646728516], [4.074592113494873, 1.6229301691055298], [4.107702732086182, 1.688260555267334], [4.107814311981201, 1.6822487115859985], [4.160693168640137, 1.717735767364502], [4.152949810028076, 1.7072248458862305], [4.112081050872803, 1.6952828168869019], [4.038027286529541, 1.682985544204712], [4.053116321563721, 1.6792423725128174], [4.050307750701904, 1.67765474319458], [4.081116676330566, 1.6868157386779785], [4.0042619705200195, 1.6412853002548218], [4.022036075592041, 1.6533681154251099], [4.022787094116211, 1.6439988613128662], [3.8788628578186035, 1.5918155908584595], [3.8734536170959473, 1.5896053314208984], [3.9865896701812744, 1.636349081993103], [3.995713949203491, 1.6406182050704956], [4.014338970184326, 1.685744285583496], [3.729861259460449, 1.5786057710647583], [3.7456893920898438, 1.5981676578521729], [3.7639989852905273, 1.5958795547485352], [3.819359302520752, 1.6124119758605957], [3.826561689376831, 1.6136386394500732], [3.817551851272583, 1.5921077728271484], [3.9064669609069824, 1.6664375066757202], [4.038538455963135, 1.723765254020691], [3.9413387775421143, 1.684083104133606], [4.003407001495361, 1.7116056680679321], [3.960355758666992, 1.7027298212051392], [3.9440226554870605, 1.6811355352401733], [3.946399211883545, 1.672499656677246], [3.9161930084228516, 1.6709694862365723], [3.8931725025177, 1.6742699146270752], [3.9590096473693848, 1.6979928016662598], [3.9565982818603516, 1.6855698823928833], [3.9554848670959473, 1.6865886449813843], [3.9552927017211914, 1.678024172782898], [3.958489418029785, 1.683005928993225], [4.021101474761963, 1.7288585901260376], [4.042374134063721, 1.7368863821029663], [4.032853603363037, 1.7832980155944824], [3.9231114387512207, 1.7591111660003662], [3.9296748638153076, 1.7692161798477173], [3.8761184215545654, 1.7466926574707031], [3.875810146331787, 1.7499797344207764], [3.8755452632904053, 1.7480758428573608], [3.910832643508911, 1.7556469440460205], [3.9108200073242188, 1.755927562713623], [3.972543716430664, 1.777531385421753], [4.000193119049072, 1.7626746892929077], [3.971895456314087, 1.7633694410324097], [3.983867645263672, 1.7734489440917969], [3.9929325580596924, 1.7753607034683228], [3.7484774589538574, 1.659335732460022], [3.723902702331543, 1.652822732925415], [3.7247073650360107, 1.650944709777832], [3.7477755546569824, 1.6529158353805542], [3.7457845211029053, 1.65207040309906], [3.9379360675811768, 1.7116775512695312], [3.9328339099884033, 1.7128080129623413], [3.7464091777801514, 1.6617732048034668], [3.8455116748809814, 1.7280842065811157], [3.7379231452941895, 1.6854233741760254], [3.7589876651763916, 1.6834155321121216], [3.782639980316162, 1.6415401697158813], [3.96215558052063, 1.7017831802368164], [3.9601054191589355, 1.7005385160446167], [3.9846556186676025, 1.7022860050201416], [3.9249625205993652, 1.6629067659378052], [3.848864793777466, 1.6348578929901123], [3.8443422317504883, 1.630831003189087], [3.8748486042022705, 1.6371949911117554], [3.8767940998077393, 1.6488608121871948], [4.20827054977417, 1.8854241371154785], [4.1450934410095215, 1.847603440284729], [3.8931024074554443, 1.7539571523666382], [3.9097654819488525, 1.7998368740081787], [3.880535840988159, 1.7922428846359253], [3.9034738540649414, 1.799019455909729], [3.896364450454712, 1.8008421659469604], [3.9810941219329834, 1.8359986543655396], [3.9674160480499268, 1.831241488456726], [3.9663548469543457, 1.8307768106460571], [4.088200092315674, 1.8820291757583618], [3.767540693283081, 1.6894205808639526], [3.8688981533050537, 1.7479475736618042], [3.9495482444763184, 1.779035210609436], [3.9453866481781006, 1.7713310718536377], [3.8762471675872803, 1.724462866783142], [3.9526021480560303, 1.754022479057312], 