{"loss": [[40000.0, 31604.94140625, 24197.53125, 17777.77734375, 12345.677734375, 7901.23388671875, 4444.4443359375, 1975.3094482421875, 493.8273010253906, 1.8417267710901797e-11], [31604.94140625, 24197.53125, 17777.77734375, 12345.677734375, 7901.23388671875, 4444.4443359375, 1975.308837890625, 493.82763671875, 1.1141310096718371e-11, 493.8273010253906], [24197.53125, 17777.77734375, 12345.677734375, 7901.23388671875, 4444.4443359375, 1975.308837890625, 493.8273010253906, 1.2028067430946976e-10, 493.82696533203125, 1975.308837890625], [17777.77734375, 12345.677734375, 7901.23388671875, 4444.4443359375, 1975.308837890625, 493.8273010253906, 1.1141310096718371e-11, 493.82659912109375, 1975.30810546875, 4444.4453125], [12345.677734375, 7901.23388671875, 4444.4443359375, 1975.308837890625, 493.8273010253906, 1.1141310096718371e-11, 493.82696533203125, 1975.3074951171875, 4444.4443359375, 7901.2353515625], [7901.23388671875, 4444.4443359375, 1975.308837890625, 493.8273010253906, 1.1141310096718371e-11, 493.82696533203125, 1975.30810546875, 4444.44287109375, 7901.23388671875, 12345.6796875], [4444.4443359375, 1975.308837890625, 493.8273010253906, 1.1141310096718371e-11, 493.82696533203125, 1975.30810546875, 4444.4443359375, 7901.232421875, 12345.677734375, 17777.77734375], [1975.3094482421875, 493.82763671875, 1.2028067430946976e-10, 493.82659912109375, 1975.3074951171875, 4444.44287109375, 7901.232421875, 12345.6748046875, 17777.771484375, 24197.52734375], [493.8273010253906, 1.1141310096718371e-11, 493.82696533203125, 1975.30810546875, 4444.4443359375, 7901.23388671875, 12345.677734375, 17777.771484375, 24197.52734375, 31604.935546875], [1.8417267710901797e-11, 493.8273010253906, 1975.308837890625, 4444.4453125, 7901.2353515625, 12345.6796875, 17777.77734375, 24197.52734375, 31604.935546875, 40000.0]], "x": [-96.04863739013672, -73.826416015625, -51.60419464111328, -29.381973266601562, -7.159751892089844, 15.062469482421875, 37.284690856933594, 59.50690460205078, 81.72913360595703, 103.95136260986328], "y": [-98.27288055419922, -76.0506591796875, -53.82843780517578, -31.606216430664062, -9.383995056152344, 12.838226318359375, 35.060447692871094, 57.28266143798828, 79.50489044189453, 101.72711944580078], "w": [[1.292327880859375, -0.912319004535675], [18.398681640625, 28.816009521484375], [29.667640686035156, 9.078535079956055], [13.686078071594238, 7.121637344360352], [-33.174198150634766, 49.131309509277344], [1.5046195983886719, 44.489891052246094], [8.462382316589355, 53.1779670715332], [13.425878524780273, 49.64678955078125], [12.43669605255127, 48.99932861328125], [-90.5999984741211, -103.85301208496094], [-57.27626037597656, -54.39498519897461], [170.52830505371094, 83.46788024902344], [108.2219467163086, -134.55490112304688], [94.0709457397461, -137.68319702148438], [71.23521423339844, -47.872398376464844], [142.11712646484375, 44.20935821533203], [141.17874145507812, 43.682579040527344], [-503.3305969238281, 186.30224609375], [665.8992919921875, 65.66090393066406], [474.81634521484375, 176.460205078125], [468.2589111328125, 880.6735229492188], [20.782623291015625, 379.11669921875], [-2371.264404296875, 182.0762481689453], [-2358.5224609375, 171.5427703857422], [975.43603515625, 4128.4892578125], [-602.875244140625, 4787.623046875], [-1197.617919921875, 2653.443359375], [-1513.10791015625, 351.375], [714.84716796875, -1460.7110595703125], [3.8328857421875, -2054.635009765625], [-1799.3765869140625, 2361.832275390625], [-2028.5859375, 2994.429443359375], [-6415.3857421875, -6782.2412109375], [-8220.2841796875, -5158.6181640625], [-3199.0673828125, -9644.03125], [-1228.0615234375, -8004.1181640625], [22630.140625, 30055.21875], [11720.345703125, 36995.56640625], [-24130.591796875, -11715.40625], [-39843.8359375, -12019.2412109375], [272853.21875, 101125.9296875], [253488.421875, -510692.875], [244429.890625, -404346.25], [-27384.859375, -274905.40625], [-251279.78125, -352039.84375], [-353071.5625, -171855.40625], [-57168.0625, -260776.375], [-798560.125, 851586.375], [555414.625, 2029416.0], [3739405.5, -404935.0], [1913569.625, -3924085.25], [1788031.25, -4687014.5], [2887648.0, 16185916.0], [8000871.5, 2705741.0], [9981807.0, 6795346.0], [7691761.0, 10235956.0], [12138232.0, 159079.0], [9542232.0, 1475398.625], [13309802.0, -7036732.5], [1539924.0, -239745.5], [-2645598.75, -15721492.0], [-5352172.0, -14913807.0], [-11200194.0, 9013471.0], [24011006.0, -13385075.0], [20637666.0, -8919266.0], [-85086344.0, 18007390.0], [115340280.0, 64235448.0], [93292304.0, -266819712.0], [-93453632.0, -291890944.0], [-102780608.0, -266165408.0], [-69998272.0, -234725952.0], [-105273264.0, -253443296.0], [-93059456.0, -147673632.0], [-168034016.0, -169576208.0], [-40694888.0, -171882976.0], [-211520928.0, -94939336.0], [487088736.0, 228011008.0], [-166783648.0, 930645440.0], [-373036320.0, 779730688.0], [-478083328.0, 545677568.0], [-432788992.0, 262273568.0], [-193268144.0, 21363264.0], [413450240.0, 1060721408.0], [907974656.0, -1236919040.0], [3062826752.0, 611505408.0], [3169874432.0, -2623725056.0], [4567688704.0, 1155486720.0], [-5330077184.0, 13013351424.0], [-7002349568.0, 9283141632.0], [-3151831296.0, 7683753984.0], [5422952448.0, 7999044096.0], [-29818400768.0, -24948903936.0], [129700036608.0, -31803527168.0], [46835793920.0, 1757597696.0], [51701510144.0, 20607371264.0], [50795491328.0, 18601328640.0], [60245385216.0, -26233257984.0], [-9237659648.0, -66164113408.0], [16085309440.0, -78155595776.0], [-62104363008.0, -76103835648.0], [-63418855424.0, -74114564096.0], [55233261568.0, 29385719808.0], [-218777993216.0, -19702824960.0], [-147070386176.0, -9748964352.0], [-146529206272.0, 411391361024.0], [1809948999680.0, -1496627019776.0], [1454898413568.0, -2059039145984.0], [1353478045696.0, -1486514946048.0], [2439702904832.0, -773731909632.0], [2229104017408.0, -1295113256960.0], [1902383726592.0, 479327813632.0], [1533695885312.0, 2184094416896.0], [2414329462784.0, 1243826225152.0], [988905078784.0, 2251889836032.0], [-92329672704.0, -1283914727424.0], [2967741923328.0, 2917466112000.0], [3433003483136.0, 2077731586048.0], [-1549208911872.0, 5096457371648.0], [3465492561920.0, 6647206379520.0], [4718707867648.0, 5759550619648.0], [12237170278400.0, -23132828073984.0], [6847117918208.0, -23494414827520.0], [6724292968448.0, -26059349164032.0], [-1061837340672.0, -22770660409344.0], [19319480123392.0, -12037371461632.0], [-21769180151808.0, 84707643490304.0], [-8508988719104.0, -16554297131008.0], [-33603738140672.0, 64160033406976.0], [-16268159614976.0, 63557869764608.0], [-3555698147328.0, 70229648474112.0], [-67043818733568.0, -189876276297728.0], [-514627746136064.0, 149169113137152.0], [1464919123820544.0, 1428141855735808.0], [1407090878840832.0, 982966616457216.0], [1551242866196480.0, 1223244669517824.0], [1428122528382976.0, -642521201901568.0], [1185310310400000.0, -1789388199559168.0], [3247179154063360.0, 4616404259045376.0], [1835102623498240.0, 4787387980840960.0], [-4871362107670528.0, 4651366903447552.0], [-3855652808032256.0, 6243390484119552.0], [-4849994108502016.0, 5760110563426304.0], [7729562448297984.0, -1702166943236096.0], [2593095094894592.0, -5117202277597184.0], [5263262304174080.0, -8822667058610176.0], [-1.4222948483203072e+16, -3129825346715648.0], [-1.5169356338036736e+16, -3411075642949632.0], [-1.3626603011571712e+16, -7262113240186880.0], [-1.6042725052776448e+16, -1812907843125248.0], [4.087996257979597e+16, -1.4301157690179584e+16], [8565650846908416.0, 2.020816472506368e+16], [3.829520831139021e+16, 5.184228248728371e+16], [-1.1812912410656768e+16, -2.765887126770811e+17], [1.0526884956104294e+17, -1.3688358843082342e+17], [3.534551582580408e+17, -7.51118999009362e+16], [3.355572392616264e+17, 4.129425512516813e+16], [-4.655169023246336e+17, 9.003372954276332e+17], [-1.447349827804332e+18, -1.708027267197698e+18], [-1.8578711857321738e+18, -6.611443132410102e+17], [-1.4368338237183754e+18, 