{"epoch": [0, 1, 2, 3, 4, 5, 6, 7, 8, 9, 10, 11, 12, 13, 14, 15, 16, 17, 18, 19, 20, 21, 22, 23, 24, 25, 26, 27, 28, 29, 30, 31, 32, 33, 34, 35, 36, 37, 38, 39, 40, 41, 42, 43, 44, 45, 46, 47, 48, 49, 50, 51, 52, 53, 54, 55, 56, 57, 58, 59, 60, 61, 62, 63, 64, 65, 66, 67, 68, 69, 70, 71, 72, 73, 74, 75, 76, 77, 78, 79, 80, 81, 82, 83, 84, 85, 86, 87, 88, 89, 90, 91, 92, 93, 94, 95, 96, 97, 98, 99, 100, 101, 102, 103, 104, 105, 106, 107, 108, 109, 110, 111, 112, 113, 114, 115, 116, 117, 118, 119, 120, 121, 122, 123, 124, 125, 126, 127, 128, 129, 130, 131, 132, 133, 134, 135, 136, 137, 138, 139, 140, 141, 142, 143, 144, 145, 146, 147, 148, 149, 150, 151, 152, 153, 154, 155, 156, 157, 158, 159, 160, 161, 162, 163, 164, 165, 166, 167, 168, 169, 170, 171, 172, 173, 174, 175, 176, 177, 178, 179, 180, 181, 182, 183, 184, 185, 186, 187, 188, 189, 190, 191, 192, 193, 194, 195, 196, 197, 198, 199], "train": [1.0308951139450073, 39.42607879638672, 48.87761688232422, 0.9556171298027039, 84.40027618408203, 7.906162738800049, 7.42681884765625, 14.573951721191406, 6.944315433502197, 1.5821354389190674, 0.34825971722602844, 5.931751728057861, 0.3230806291103363, 4.668520927429199, 0.6272100806236267, 1.737013578414917, 0.2757798433303833, 1.580650806427002, 2.71171236038208, 1.1821682453155518, 0.03462682291865349, 0.00123405153863132, 1.0606460571289062, 1.6913955211639404, 0.12506669759750366, 0.0024708861019462347, 0.02654595486819744, 0.5466660261154175, 1.098791480064392, 0.13703756034374237, 0.0020634466782212257, 0.03496687486767769, 0.15249942243099213, 0.048477333039045334, 0.3091866374015808, 0.043223123997449875, 0.015460212714970112, 0.22141331434249878, 0.34623491764068604, 0.0019182307878509164, 0.02763892151415348, 0.0207037553191185, 0.05070599168539047, 0.04276948794722557, 0.0003888556093443185, 0.03271789103746414, 0.3287651538848877, 0.5095846056938171, 0.6263335347175598, 0.08861473947763443, 0.09354110807180405, 0.0013876145239919424, 0.0018966452917084098, 0.008546478115022182, 0.01552852988243103, 0.015381813049316406, 0.10219699889421463, 0.0005081632407382131, 0.0133870430290699, 0.008230323903262615, 0.014933658763766289, 0.010408028028905392, 0.029528887942433357, 0.00013738498091697693, 0.03563620522618294, 0.00215041171759367, 0.06556971371173859, 0.19097423553466797, 0.020404772832989693, 0.00424008397385478, 0.01316031999886036, 0.0013966301921755075, 0.021594706922769547, 0.08051016926765442, 0.028849465772509575, 0.06046254560351372, 0.007333711721003056, 0.0017787553369998932, 0.0040715476498007774, 0.003963969182223082, 0.003975998144596815, 0.030033499002456665, 0.01078113541007042, 0.00874570943415165, 9.245976252714172e-05, 0.0012778772506862879, 0.0012121142353862524, 0.007978946901857853, 0.007956048473715782, 0.03984593600034714, 0.02846909500658512, 0.0022259578108787537, 0.0064343661069869995, 0.0008518901886418462, 6.236856279429048e-05, 0.022282510995864868, 1.354385517515766e-06, 0.028932053595781326, 0.05877009406685829, 0.014403263106942177, 0.00560440868139267, 0.0007347377832047641, 0.05127440392971039, 0.004698692820966244, 0.0006996107986196876, 0.07912417501211166, 7.979543443070725e-05, 0.06367852538824081, 0.013935336843132973, 0.12599149346351624, 0.10455164313316345, 0.024663396179676056, 0.01262211799621582, 0.18235133588314056, 0.10975322872400284, 3.125033981632441e-05, 0.0009770095348358154, 0.0074441335164010525, 0.019635627046227455, 0.0008786756079643965, 0.0030761791858822107, 0.0016576610505580902, 0.27614253759384155, 0.032546788454055786, 0.05863769352436066, 0.1511823832988739, 0.02682356722652912, 0.004223458003252745, 0.0029067012947052717, 0.04992945119738579, 0.0006919634761288762, 0.00011732731218216941, 0.02377045899629593, 0.20289355516433716, 0.05973079055547714, 0.052347611635923386, 0.004793034866452217, 0.04212766885757446, 0.014805041253566742, 0.02778233401477337, 0.0317857563495636, 0.00368600245565176, 0.03364773094654083, 0.019830482080578804, 0.007019301410764456, 0.02045244537293911, 0.00021955053671263158, 0.03939147666096687, 0.0030587490182369947, 0.1628396362066269, 0.0002475198998581618, 0.004790881182998419, 0.13259553909301758, 0.06281690299510956, 0.030908016487956047, 0.006419056560844183, 0.14529618620872498, 0.028483901172876358, 0.0018837596289813519, 0.0010422734776511788, 0.0021704586688429117, 0.03506743535399437, 0.003658677451312542, 0.02956126257777214, 0.09115132689476013, 0.01744895800948143, 0.024531027302145958, 0.07576195150613785, 0.0015154983848333359, 4.3585081584751606e-05, 0.0006006069597788155, 0.2660817503929138, 0.01784844882786274, 2.338740523555316e-05, 0.003235741052776575, 0.007200951222330332, 0.018877359107136726, 0.05702295899391174, 0.012415407225489616, 0.07971751689910889, 0.14202913641929626, 0.03258714824914932, 0.009935990907251835, 0.0006307279691100121, 0.03931622579693794, 0.04155906289815903, 0.042867615818977356, 0.0841226577758789, 0.002449723659083247, 0.04987715184688568, 0.11833668500185013, 0.0024096318520605564, 0.03366833180189133, 0.04836907237768173, 0.09991156309843063, 0.010061599314212799, 0.00625947117805481, 0.04344388097524643, 0.008622046560049057, 0.03870668634772301]}