{"epoch": [0, 1, 2, 3, 4, 5, 6, 7, 8, 9, 10, 11, 12, 13, 14, 15, 16, 17, 18, 19, 20, 21, 22, 23, 24, 25, 26, 27, 28, 29, 30, 31, 32, 33, 34, 35, 36, 37, 38, 39, 40, 41, 42, 43, 44, 45, 46, 47, 48, 49, 50, 51, 52, 53, 54, 55, 56, 57, 58, 59, 60, 61, 62, 63, 64, 65, 66, 67, 68, 69, 70, 71, 72, 73, 74, 75, 76, 77, 78, 79, 80, 81, 82, 83, 84, 85, 86, 87, 88, 89, 90, 91, 92, 93, 94, 95, 96, 97, 98, 99, 100, 101, 102, 103, 104, 105, 106, 107, 108, 109, 110, 111, 112, 113, 114, 115, 116, 117, 118, 119, 120, 121, 122, 123, 124, 125, 126, 127, 128, 129, 130, 131, 132, 133, 134, 135, 136, 137, 138, 139, 140, 141, 142, 143, 144, 145, 146, 147, 148, 149, 150, 151, 152, 153, 154, 155, 156, 157, 158, 159, 160, 161, 162, 163, 164, 165, 166, 167, 168, 169, 170, 171, 172, 173, 174, 175, 176, 177, 178, 179, 180, 181, 182, 183, 184, 185, 186, 187, 188, 189, 190, 191, 192, 193, 194, 195, 196, 197, 198, 199], "train": [9.558146476745605, 11.28653335571289, 1.178196668624878, 6.081131935119629, 0.09900946170091629, 0.09115611761808395, 3.123126745223999, 0.1512228399515152, 0.31535831093788147, 0.08965925872325897, 0.9236446619033813, 0.4781741499900818, 0.07488493621349335, 0.0478132888674736, 0.13203737139701843, 0.22152777016162872, 0.005046703387051821, 0.2933979630470276, 0.24425897002220154, 0.0014297469751909375, 0.035283591598272324, 0.15200981497764587, 0.03213154524564743, 0.01881818100810051, 0.07611995935440063, 0.020739037543535233, 0.0015324611449614167, 0.05088772624731064, 0.028632735833525658, 0.02714558131992817, 0.003922419622540474, 0.0038122888654470444, 0.0011801462387666106, 0.02037675306200981, 9.655371286498848e-06, 0.04598312824964523, 0.03856778144836426, 0.07745005190372467, 0.018108796328306198, 0.06173370033502579, 0.2685237526893616, 0.1263585388660431, 0.444636732339859, 0.008852953091263771, 0.07591433823108673, 0.10478305071592331, 0.17793768644332886, 0.0045800176449120045, 0.01267695426940918, 5.2984400099376217e-05, 0.0009277099161408842, 1.1984961929556448e-06, 0.15342050790786743, 0.010689635761082172, 0.39156076312065125, 0.435771644115448, 5.573875750997104e-05, 0.05994908884167671, 0.0029205745086073875, 0.04320182278752327, 0.0033889194019138813, 0.0671122819185257, 0.0037843119353055954, 0.022796111181378365, 0.010511277243494987, 0.13512709736824036, 0.0012812971835955977, 0.00885431095957756, 0.006303934380412102, 0.002427547937259078, 0.06583372503519058, 0.21670345962047577, 0.5092442631721497, 0.0031322354916483164, 0.1217929944396019, 0.23094095289707184, 0.08880732953548431, 0.024000680074095726, 0.04829883202910423, 0.7948717474937439, 0.5691794753074646, 0.5270965099334717, 0.954448401927948, 0.22623595595359802, 0.05500788614153862, 0.07764677703380585, 0.19590632617473602, 0.07781827449798584, 0.007739479187875986, 0.08627158403396606, 0.027135053649544716, 0.10106052458286285, 0.0029897838830947876, 0.045314908027648926, 0.11399677395820618, 0.0036094835959374905, 0.023047087714076042, 0.001047483179718256, 0.001976972445845604, 0.16878874599933624, 0.2837437093257904, 0.010936150327324867, 0.031180227175354958, 0.040378324687480927, 0.006199161522090435, 0.012115875259041786, 0.16113543510437012, 0.01428110059350729, 0.003202976891770959, 0.00120268645696342, 0.007095848675817251, 0.026624247431755066, 0.0983722135424614, 0.0886366069316864, 0.005621083080768585, 0.06305920332670212, 0.10931592434644699, 0.010048964060842991, 0.0007306719780899584, 0.011427962221205235, 0.01616744138300419, 0.005562631879001856, 0.06100722402334213, 0.0024198247119784355, 1.0330572877137456e-05, 0.0054540568962693214, 0.0003860655997414142, 0.0014453266048803926, 0.08330617845058441, 0.0677260160446167, 0.09265324473381042, 0.012518055737018585, 0.18656131625175476, 0.013928509317338467, 0.027311287820339203, 0.0006958070443943143, 0.03548397123813629, 0.0684313252568245, 0.02309412881731987, 0.004950723145157099, 0.10774485021829605, 0.11681663244962692, 0.015632279217243195, 0.1161312684416771, 0.11514611542224884, 0.0005875206552445889, 0.04666728153824806, 0.043003618717193604, 0.004125978332012892, 0.0025772384833544493, 0.014707092195749283, 0.018416104838252068, 0.004319818690419197, 0.0010108478600159287, 0.03963075578212738, 0.009489676915109158, 0.03559507802128792, 0.014067291282117367, 0.0405215322971344, 0.013592010363936424, 0.0722678080201149, 0.12518274784088135, 0.006324831396341324, 0.026560408994555473, 0.019419999793171883, 0.0300875473767519, 0.024428443983197212, 0.0005458517698571086, 0.01804772950708866, 0.0005531451897695661, 0.006936128716915846, 0.0009354890789836645, 0.09876137226819992, 0.13353656232357025, 0.044663265347480774, 0.0011106907622888684, 0.043354179710149765, 0.0007740447763353586, 0.026847410947084427, 0.29225435853004456, 0.2302974909543991, 0.7288593053817749, 0.32007914781570435, 0.41800862550735474, 0.04750463739037514, 0.18319091200828552, 0.034079622477293015, 0.03047032281756401, 0.02449280396103859, 0.052251432090997696, 0.19606174528598785, 0.09658905118703842, 0.3385339379310608, 0.219985693693161, 0.04214176535606384, 0.20917339622974396, 0.14844022691249847, 0.00035772979026660323, 0.00044573520426638424, 0.020795900374650955]}